<ui_texture>
    <file_name>ui\ui_repair_buttons</file_name>
	<texture id="ui_repair_main_bgd" x="25" y="385" width="400" height="610" />
	<texture id="ui_repair_dummy" x="5" y="125" width="50" height="50" />
	<texture id="ui_repair_prog" x="5" y="240" width="300" height="10" />
	<texture id="ui_repair_prog_b" x="5" y="255" width="300" height="10" />
	<texture id="ui_repair_prog2" x="5" y="270" width="90" height="10" />
	<texture id="ui_repair_prog2_b" x="215" y="270" width="90" height="10" />
	<texture id="ui_repair_tab_dummy" x="5" y="180" width="174" height="24" />
	<texture id="ui_repair_left_tab_selected" x="55" y="315" width="174" height="40" />
	<texture id="ui_repair_right_tab_selected" x="231" y="315" width="174" height="40" />
	<texture id="ui_repair_btn_small_e" x="5" y="5" width="58" height="26" />
	<texture id="ui_repair_btn_small_h" x="5" y="35" width="58" height="26" />
	<texture id="ui_repair_btn_small_d" x="5" y="65" width="58" height="26" />
	<texture id="ui_repair_btn_small_t" x="5" y="95" width="58" height="26" />
	<texture id="ui_repair_btn_large_e" x="65" y="5" width="98" height="26" />
	<texture id="ui_repair_btn_large_h" x="65" y="35" width="98" height="26" />
	<texture id="ui_repair_btn_large_d" x="65" y="65" width="98" height="26" />
	<texture id="ui_repair_btn_large_t" x="65" y="95" width="98" height="26" />
	
	<texture id="ui_repair_home_e" x="166" y="5" width="34" height="34" />
	<texture id="ui_repair_home_h" x="166" y="45" width="34" height="34" />
	<texture id="ui_repair_home_d" x="166" y="85" width="34" height="34" />
	<texture id="ui_repair_home_t" x="166" y="125" width="34" height="34" />
	<texture id="ui_repair_pwr_e" x="206" y="5" width="34" height="34" />
	<texture id="ui_repair_pwr_h" x="206" y="45" width="34" height="34" />
	<texture id="ui_repair_pwr_d" x="206" y="85" width="34" height="34" />
	<texture id="ui_repair_pwr_t" x="206" y="125" width="34" height="34" />	
	<texture id="ui_repair_prev_e" x="286" y="5" width="34" height="34" />
	<texture id="ui_repair_prev_h" x="286" y="45" width="34" height="34" />
	<texture id="ui_repair_prev_d" x="286" y="85" width="34" height="34" />
	<texture id="ui_repair_prev_t" x="286" y="125" width="34" height="34" />
	<texture id="ui_repair_next_e" x="246" y="5" width="34" height="34" />
	<texture id="ui_repair_next_h" x="246" y="45" width="34" height="34" />
	<texture id="ui_repair_next_d" x="246" y="85" width="34" height="34" />
	<texture id="ui_repair_next_t" x="246" y="125" width="34" height="34" />
	<texture id="ui_salvage_box" x="325" y="5" width="202" height="102" />
	<texture id="ui_salvage_box2" x="350" y="115" width="130" height="160" />
</ui_texture>
