<?xml version="1.0" encoding="windows-1251" ?>

<repair_ui>	
	<background x="45" y="25" width="400" height="610" stretch="1">
		<texture>ui_repair_main_bgd</texture>
	</background>
	<prev_btn x="102" y="570" width="34" height="34" stretch="1" complex_mode="1">
		<texture_e>ui_repair_prev_e</texture_e>
		<texture_t>ui_repair_prev_t</texture_t>
		<texture_h>ui_repair_prev_h</texture_h>
		<texture_d>ui_repair_prev_d</texture_d>
	</prev_btn>
	<home_btn x="146" y="570" width="34" height="34" stretch="1" complex_mode="1">
		<texture_e>ui_repair_home_e</texture_e>
		<texture_t>ui_repair_home_t</texture_t>
		<texture_h>ui_repair_home_h</texture_h>
		<texture_d>ui_repair_home_d</texture_d>
	</home_btn>
	<exit_btn x="320" y="570" width="34" height="34" stretch="1" complex_mode="1">
		<texture_e>ui_repair_pwr_e</texture_e>
		<texture_t>ui_repair_pwr_t</texture_t>
		<texture_h>ui_repair_pwr_h</texture_h>
		<texture_d>ui_repair_pwr_d</texture_d>
	</exit_btn>
	<next_btn x="364" y="570" width="34" height="34" stretch="1" complex_mode="1">
		<texture_e>ui_repair_next_e</texture_e>
		<texture_t>ui_repair_next_t</texture_t>
		<texture_h>ui_repair_next_h</texture_h>
		<texture_d>ui_repair_next_d</texture_d>
	</next_btn>
	<pistol_use1 x="83" y="190" width="58" height="26" stretch="1" complex_mode="1">
		<texture_e>ui_repair_btn_small_e</texture_e>
		<texture_t>ui_repair_btn_small_t</texture_t>
		<texture_h>ui_repair_btn_small_h</texture_h>
		<texture_d>ui_repair_btn_small_d</texture_d>
		<text x="0" y="2" font="graffiti19"  width = "58" height = "26" r="0" g="0" b="0" a="255" align="c"/>
			<text_color>
				<e r="240"	g="217" b="182"/>				
				<t r="240"	g="217"	b="182"/>				
				<d r="135"	g="123" b="116"/>
				<h r="238"	g="153"	b="26"/>
			</text_color>
	</pistol_use1>
	<pistol_use5 x="151" y="190" width="58" height="26" stretch="1" complex_mode="1">
		<texture_e>ui_repair_btn_small_e</texture_e>
		<texture_t>ui_repair_btn_small_t</texture_t>
		<texture_h>ui_repair_btn_small_h</texture_h>
		<texture_d>ui_repair_btn_small_d</texture_d>
		<text x="0" y="2" font="graffiti19"  width = "58" height = "26" r="0" g="0" b="0" a="255" align="c"/>
			<text_color>
				<e r="240"	g="217" b="182"/>				
				<t r="240"	g="217"	b="182"/>				
				<d r="135"	g="123" b="116"/>
				<h r="238"	g="153"	b="26"/>
			</text_color>
	</pistol_use5>
	<pistol_usefull x="318" y="190" width="98" height="26" stretch="1" complex_mode="1">
		<texture_e>ui_repair_btn_large_e</texture_e>
		<texture_t>ui_repair_btn_large_t</texture_t>
		<texture_h>ui_repair_btn_large_h</texture_h>
		<texture_d>ui_repair_btn_large_d</texture_d>
		<text x="0" y="2" font="graffiti19"  width = "98" height = "26" r="0" g="0" b="0" a="255" align="c"/>
			<text_color>
				<e r="240"	g="217" b="182"/>				
				<t r="240"	g="217"	b="182"/>				
				<d r="135"	g="123" b="116"/>
				<h r="238"	g="153"	b="26"/>
			</text_color>
	</pistol_usefull>
	<rifle_use1 x="83" y="337" width="58" height="26" stretch="1" complex_mode="1">
		<texture_e>ui_repair_btn_small_e</texture_e>
		<texture_t>ui_repair_btn_small_t</texture_t>
		<texture_h>ui_repair_btn_small_h</texture_h>
		<texture_d>ui_repair_btn_small_d</texture_d>
		<text x="0" y="2" font="graffiti19"  width = "58" height = "26" r="0" g="0" b="0" a="255" align="c"/>
			<text_color>
				<e r="240"	g="217" b="182"/>				
				<t r="240"	g="217"	b="182"/>				
				<d r="135"	g="123" b="116"/>
				<h r="238"	g="153"	b="26"/>
			</text_color>
	</rifle_use1>
	<rifle_use5 x="151" y="337" width="58" height="26" stretch="1" complex_mode="1">
		<texture_e>ui_repair_btn_small_e</texture_e>
		<texture_t>ui_repair_btn_small_t</texture_t>
		<texture_h>ui_repair_btn_small_h</texture_h>
		<texture_d>ui_repair_btn_small_d</texture_d>
		<text x="0" y="2" font="graffiti19"  width = "58" height = "26" r="0" g="0" b="0" a="255" align="c"/>
			<text_color>
				<e r="240"	g="217" b="182"/>				
				<t r="240"	g="217"	b="182"/>				
				<d r="135"	g="123" b="116"/>
				<h r="238"	g="153"	b="26"/>
			</text_color>
	</rifle_use5>
	<rifle_usefull x="318" y="337" width="98" height="26" stretch="1" complex_mode="1">
		<texture_e>ui_repair_btn_large_e</texture_e>
		<texture_t>ui_repair_btn_large_t</texture_t>
		<texture_h>ui_repair_btn_large_h</texture_h>
		<texture_d>ui_repair_btn_large_d</texture_d>
		<text x="0" y="2" font="graffiti19"  width = "98" height = "26" r="0" g="0" b="0" a="255" align="c"/>
			<text_color>
				<e r="240"	g="217" b="182"/>				
				<t r="240"	g="217"	b="182"/>				
				<d r="135"	g="123" b="116"/>
				<h r="238"	g="153"	b="26"/>
			</text_color>
	</rifle_usefull>
	<armor_use1 x="83" y="534" width="58" height="26" stretch="1" complex_mode="1">
		<texture_e>ui_repair_btn_small_e</texture_e>
		<texture_t>ui_repair_btn_small_t</texture_t>
		<texture_h>ui_repair_btn_small_h</texture_h>
		<texture_d>ui_repair_btn_small_d</texture_d>
		<text x="0" y="2" font="graffiti19"  width = "58" height = "26" r="0" g="0" b="0" a="255" align="c"/>
			<text_color>
				<e r="240"	g="217" b="182"/>				
				<t r="240"	g="217"	b="182"/>				
				<d r="135"	g="123" b="116"/>
				<h r="238"	g="153"	b="26"/>
			</text_color>
	</armor_use1>
	<armor_use5 x="151" y="534" width="58" height="26" stretch="1" complex_mode="1">
		<texture_e>ui_repair_btn_small_e</texture_e>
		<texture_t>ui_repair_btn_small_t</texture_t>
		<texture_h>ui_repair_btn_small_h</texture_h>
		<texture_d>ui_repair_btn_small_d</texture_d>
		<text x="0" y="2" font="graffiti19"  width = "58" height = "26" r="0" g="0" b="0" a="255" align="c"/>
			<text_color>
				<e r="240"	g="217" b="182"/>				
				<t r="240"	g="217"	b="182"/>				
				<d r="135"	g="123" b="116"/>
				<h r="238"	g="153"	b="26"/>
			</text_color>
	</armor_use5>
	<armor_usefull x="318" y="534" width="98" height="26" stretch="1" complex_mode="1">
		<texture_e>ui_repair_btn_large_e</texture_e>
		<texture_t>ui_repair_btn_large_t</texture_t>
		<texture_h>ui_repair_btn_large_h</texture_h>
		<texture_d>ui_repair_btn_large_d</texture_d>
		<text x="0" y="2" font="graffiti19"  width = "98" height = "26" r="0" g="0" b="0" a="255" align="c"/>
			<text_color>
				<e r="240"	g="217" b="182"/>				
				<t r="240"	g="217"	b="182"/>				
				<d r="135"	g="123" b="116"/>
				<h r="238"	g="153"	b="26"/>
			</text_color>
	</armor_usefull>
	<l_tab_button x="75" y="45" width="174" height="24" stretch="1" complex_mode="1">
		<texture>ui_repair_tab_dummy</texture>
		<text x="0" y="3" font="graffiti19"  width = "174" height = "24" r="135" g="123" b="116" a="255" align="c"/>
	</l_tab_button>
	<r_tab_button x="251" y="45" width="174" height="24" stretch="1" complex_mode="1">
		<texture>ui_repair_tab_dummy</texture>
		<text x="0" y="3" font="graffiti19"  width = "174" height = "24" r="135" g="123" b="116" a="255" align="c"/>
	</r_tab_button>
	<l_tab_up x="75" y="45" width="174" height="40" stretch="1" complex_mode="1">
		<texture>ui_repair_left_tab_selected</texture>
		<text x="0" y="0" font="graffiti19"  width = "174" height = "40" r="240"	g="217" b="182" a="255" align="c"/>
	</l_tab_up>
	<r_tab_up x="251" y="45" width="174" height="40" stretch="1" complex_mode="1">
		<texture>ui_repair_right_tab_selected</texture>
		<text x="0" y="0" font="graffiti19"  width = "174" height = "40" r="240"	g="217" b="182" a="255" align="c"/>
	</r_tab_up>
	<pistol_bkgrnd x="75" y="70" width="350" height="120" stretch="1" complex_mode="1">
		<texture>ui_repair_dummy</texture>
		<text font="graffiti19"  width = "350" height = "120" r="135" g="123" b="116" a="255" align="c"/>
	</pistol_bkgrnd>
	<rifle_bkgrnd x="75" y="217" width="350" height="120" stretch="1" complex_mode="1">
		<texture>ui_repair_dummy</texture>
		<text font="graffiti19"  width = "350" height = "120" r="135" g="123" b="116" a="255" align="c"/>
	</rifle_bkgrnd>
	<armor_bkgrnd x="75" y="364" width="350" height="170" stretch="1" complex_mode="1">
		<texture>ui_repair_dummy</texture>
		<text font="graffiti19"  width = "350" height = "170" r="135" g="123" b="116" a="255" align="c"/>
	</armor_bkgrnd>
	<text_1 x="75" y="70" width="350" height="100" stretch="1" complex_mode="1">
		<texture>ui_repair_dummy</texture>
		<text font="graffiti19" r="135" g="123" b="116" a="255" align="c"/>
	</text_1>
	<text_2 x="75" y="217" width="350" height="100" stretch="1" complex_mode="1">
		<texture>ui_repair_dummy</texture>
		<text font="graffiti19" r="135" g="123" b="116" a="255" align="c"/>
	</text_2>
	<text_3 x="75" y="364" width="350" height="100" stretch="1" complex_mode="1">
		<texture>ui_repair_dummy</texture>
		<text font="graffiti19" r="135" g="123" b="116" a="255" align="c"/>
	</text_3>
	<slot1_prog x="100" y="165" width="300" height="10" horz="1" min="0" max="1000" pos="0" stretch="1">
		<min_color r="128" g="0" b="0"/>
		<max_color r="0" g="128" b="0"/>
		<progress>
		<texture>ui_repair_prog</texture>
		</progress>        
    </slot1_prog>
	<slot1_back x="100" y="165" width="300" height="10" stretch="1">
		<texture>ui_repair_prog_b</texture>
		<text font="graffiti19" r="238" g="153" b="26" a="255" align="c"/>
    </slot1_back>
	<slot2_prog x="100" y="312" width="300" height="10" horz="1" min="0" max="1000" pos="0" stretch="1">
		<min_color r="128" g="0" b="0"/>
		<max_color r="0" g="128" b="0"/>
		<progress>
		<texture>ui_repair_prog</texture>
		</progress>        
    </slot2_prog>
	<slot2_back x="100" y="312" width="300" height="10" stretch="1">
		<texture>ui_repair_prog_b</texture>
		<text font="graffiti19" r="238" g="153" b="26" a="255" align="c"/>
    </slot2_back>
	<slot3_prog x="100" y="509" width="300" height="10" horz="1" min="0" max="1000" pos="0" stretch="1">
		<min_color r="128" g="0" b="0"/>
		<max_color r="0" g="128" b="0"/>
		<progress>
		<texture>ui_repair_prog</texture>
		</progress>        
    </slot3_prog>
	<slot3_back x="100" y="509" width="300" height="10" stretch="1">
		<texture>ui_repair_prog_b</texture>
		<text font="graffiti19" r="238" g="153" b="26" a="255" align="c"/>
    </slot3_back>
	<spares_title x="205" y="561" width="90" height="44" stretch="1">
		<texture>ui_repair_dummy</texture>
		<text font="graffiti19" r="135" g="123" b="116" a="255" align="c"/>
    </spares_title>
	<spares_text x="205" y="561" width="90" height="44" stretch="1">
		<texture>ui_repair_dummy</texture>
		<text font="graffiti19" r="240" g="217" b="182" a="255" align="c"/>
    </spares_text>
	<salvage_header x="75" y="67" width="350" height="24" stretch="1">
		<texture>ui_repair_dummy</texture>
		<text x="0" y="5" font="graffiti22" r="238" g="153" b="26" align="c"/>
	</salvage_header>
	<salvage_pistol x="149" y="109" width="202" height="102" stretch="1">
		<texture>ui_salvage_box</texture>
		<text font="graffiti19" r="135" g="123" b="116" a="255" align="c"/>
	</salvage_pistol>
	<salvage_rifle x="149" y="259" width="202" height="102" stretch="1">
		<texture>ui_salvage_box</texture>
		<text font="graffiti19" r="135" g="123" b="116" a="255" align="c"/>
	</salvage_rifle>
	<salvage_armor x="149" y="409" width="202" height="102" stretch="1">
		<texture>ui_salvage_box</texture>
		<text font="graffiti19" r="135" g="123" b="116" a="255" align="c"/>
	</salvage_armor>
	<pistol_1 x="75" y="95" width="350" height="115" stretch="1">
		<texture>ui_salvage_box</texture>
		<text font="graffiti19" r="135" g="123" b="116" a="255" align="c"/>
	</pistol_1>
	<pistol_2 x="75" y="210" width="350" height="115" stretch="1">
		<texture>ui_salvage_box</texture>
		<text font="graffiti19" r="135" g="123" b="116" a="255" align="c"/>
	</pistol_2>
	<pistol_3 x="75" y="325" width="350" height="115" stretch="1">
		<texture>ui_salvage_box</texture>
		<text font="graffiti19" r="135" g="123" b="116" a="255" align="c"/>
	</pistol_3>
	<pistol_4 x="75" y="440" width="350" height="115" stretch="1">
		<texture>ui_salvage_box</texture>
		<text font="graffiti19" r="135" g="123" b="116" a="255" align="c"/>
	</pistol_4>
	<icon_1 x="0" y="0" width="1024" height="2048" stretch="1">
		<texture>ui_repair_dummy</texture>
	</icon_1>
	<icon_2 x="0" y="0" width="1024" height="2048" stretch="1">
		<texture>ui_repair_dummy</texture>
	</icon_2>
	<icon_3 x="0" y="0" width="1024" height="2048" stretch="1">
		<texture>ui_repair_dummy</texture>
	</icon_3>
	<icon_4 x="0" y="0" width="1024" height="2048" stretch="1">
		<texture>ui_repair_dummy</texture>
	</icon_4>
	<rifle_1 x="75" y="95" width="350" height="115" stretch="1">
		<texture>ui_salvage_box</texture>
		<text font="graffiti19" r="38" g="38" b="38" a="255" align="c"/>
	</rifle_1>
	<rifle_2 x="75" y="210" width="350" height="115" stretch="1">
		<texture>ui_salvage_box</texture>
		<text font="graffiti19" r="38" g="38" b="38" a="255" align="c"/>
	</rifle_2>
	<rifle_3 x="75" y="325" width="350" height="115" stretch="1">
		<texture>ui_salvage_box</texture>
		<text font="graffiti19" r="38" g="38" b="38" a="255" align="c"/>
	</rifle_3>
	<rifle_4 x="75" y="440" width="350" height="115" stretch="1">
		<texture>ui_salvage_box</texture>
		<text font="graffiti19" r="38" g="38" b="38" a="255" align="c"/>
	</rifle_4>
	<armor_1 x="75" y="95" width="175" height="230" stretch="1">
		<texture>ui_salvage_box2</texture>
		<text font="graffiti19" r="38" g="38" b="38" a="255" align="c"/>
	</armor_1>
	<armor_2 x="250" y="95" width="175" height="230" stretch="1">
		<texture>ui_salvage_box2</texture>
		<text font="graffiti19" r="38" g="38" b="38" a="255" align="c"/>
	</armor_2>
	<armor_3 x="75" y="325" width="175" height="230" stretch="1">
		<texture>ui_salvage_box2</texture>
		<text font="graffiti19" r="38" g="38" b="38" a="255" align="c"/>
	</armor_3>
	<armor_4 x="250" y="325" width="175" height="215" stretch="1">
		<texture>ui_salvage_box2</texture>
		<text font="graffiti19" r="38" g="38" b="38" a="255" align="c"/>
	</armor_4>
	<addon_11 x="0" y="0" width="1024" height="2048" stretch="1">
		<texture>ui_repair_dummy</texture>
	</addon_11>
	<addon_12 x="0" y="0" width="1024" height="2048" stretch="1">
		<texture>ui_repair_dummy</texture>
	</addon_12>
	<addon_13 x="0" y="0" width="1024" height="2048" stretch="1">
		<texture>ui_repair_dummy</texture>
	</addon_13>
	<addon_21 x="0" y="0" width="1024" height="2048" stretch="1">
		<texture>ui_repair_dummy</texture>
	</addon_21>
	<addon_22 x="0" y="0" width="1024" height="2048" stretch="1">
		<texture>ui_repair_dummy</texture>
	</addon_22>
	<addon_23 x="0" y="0" width="1024" height="2048" stretch="1">
		<texture>ui_repair_dummy</texture>
	</addon_23>
	<addon_31 x="0" y="0" width="1024" height="2048" stretch="1">
		<texture>ui_repair_dummy</texture>
	</addon_31>
	<addon_32 x="0" y="0" width="1024" height="2048" stretch="1">
		<texture>ui_repair_dummy</texture>
	</addon_32>
	<addon_33 x="0" y="0" width="1024" height="2048" stretch="1">
		<texture>ui_repair_dummy</texture>
	</addon_33>
	<addon_41 x="0" y="0" width="1024" height="2048" stretch="1">
		<texture>ui_repair_dummy</texture>
	</addon_41>
	<addon_42 x="0" y="0" width="1024" height="2048" stretch="1">
		<texture>ui_repair_dummy</texture>
	</addon_42>
	<addon_43 x="0" y="0" width="1024" height="2048" stretch="1">
		<texture>ui_repair_dummy</texture>
	</addon_43>
	<salvage_wpn_prog_1 x="100" y="195" width="300" height="10" horz="1" min="0" max="1000" pos="0" stretch="1">
		<min_color r="128" g="0" b="0"/>
		<max_color r="0" g="128" b="0"/>
		<progress>
		<texture>ui_repair_prog</texture>
		</progress>        
    </salvage_wpn_prog_1>
	<salvage_wpn_prog_2 x="100" y="310" width="300" height="10" horz="1" min="0" max="1000" pos="0" stretch="1">
		<min_color r="128" g="0" b="0"/>
		<max_color r="0" g="128" b="0"/>
		<progress>
		<texture>ui_repair_prog</texture>
		</progress>        
    </salvage_wpn_prog_2>
	<salvage_wpn_prog_3 x="100" y="425" width="300" height="10" horz="1" min="0" max="1000" pos="0" stretch="1">
		<min_color r="128" g="0" b="0"/>
		<max_color r="0" g="128" b="0"/>
		<progress>
		<texture>ui_repair_prog</texture>
		</progress>        
    </salvage_wpn_prog_3>
	<salvage_wpn_prog_4 x="100" y="540" width="300" height="10" horz="1" min="0" max="1000" pos="0" stretch="1">
		<min_color r="128" g="0" b="0"/>
		<max_color r="0" g="128" b="0"/>
		<progress>
		<texture>ui_repair_prog</texture>
		</progress>        
    </salvage_wpn_prog_4>
	<salvage_arm_prog_1 x="117" y="310" width="90" height="10" horz="1" min="0" max="1000" pos="0" stretch="1">
		<min_color r="128" g="0" b="0"/>
		<max_color r="0" g="128" b="0"/>
		<progress>
		<texture>ui_repair_prog2</texture>
		</progress>        
    </salvage_arm_prog_1>
	<salvage_arm_prog_2 x="292" y="310" width="90" height="10" horz="1" min="0" max="1000" pos="0" stretch="1">
		<min_color r="128" g="0" b="0"/>
		<max_color r="0" g="128" b="0"/>
		<progress>
		<texture>ui_repair_prog2</texture>
		</progress>        
    </salvage_arm_prog_2>
	<salvage_arm_prog_3 x="117" y="540" width="90" height="10" horz="1" min="0" max="1000" pos="0" stretch="1">
		<min_color r="128" g="0" b="0"/>
		<max_color r="0" g="128" b="0"/>
		<progress>
		<texture>ui_repair_prog2</texture>
		</progress>        
    </salvage_arm_prog_3>
	<salvage_arm_prog_4 x="292" y="540" width="90" height="10" horz="1" min="0" max="1000" pos="0" stretch="1">
		<min_color r="128" g="0" b="0"/>
		<max_color r="0" g="128" b="0"/>
		<progress>
		<texture>ui_repair_prog2</texture>
		</progress>        
    </salvage_arm_prog_4>
	<salvage_wpn_bk_1 x="100" y="195" width="300" height="10" stretch="1">
		<texture>ui_repair_prog_b</texture>
		<text font="graffiti19" r="238" g="153" b="26" a="255" align="c"/>
    </salvage_wpn_bk_1>
	<salvage_wpn_bk_2 x="100" y="310" width="300" height="10" stretch="1">
		<texture>ui_repair_prog_b</texture>
		<text font="graffiti19" r="238" g="153" b="26" a="255" align="c"/>
    </salvage_wpn_bk_2>
	<salvage_wpn_bk_3 x="100" y="425" width="300" height="10" stretch="1">
		<texture>ui_repair_prog_b</texture>
		<text font="graffiti19" r="238" g="153" b="26" a="255" align="c"/>
    </salvage_wpn_bk_3>
	<salvage_wpn_bk_4 x="100" y="540" width="300" height="10" stretch="1">
		<texture>ui_repair_prog_b</texture>
		<text font="graffiti19" r="238" g="153" b="26" a="255" align="c"/>
    </salvage_wpn_bk_4>
	<salvage_arm_bk_1 x="117" y="310" width="90" height="10" stretch="1">
		<texture>ui_repair_prog2_b</texture>
		<text font="graffiti19" r="238" g="153" b="26" a="255" align="c"/>
    </salvage_arm_bk_1>
	<salvage_arm_bk_2 x="292" y="310" width="90" height="10" stretch="1">
		<texture>ui_repair_prog2_b</texture>
		<text font="graffiti19" r="238" g="153" b="26" a="255" align="c"/>
    </salvage_arm_bk_2>
	<salvage_arm_bk_3 x="117" y="540" width="90" height="10" stretch="1">
		<texture>ui_repair_prog2_b</texture>
		<text font="graffiti19" r="238" g="153" b="26" a="255" align="c"/>
    </salvage_arm_bk_3>
	<salvage_arm_bk_4 x="292" y="540" width="90" height="10" stretch="1">
		<texture>ui_repair_prog2_b</texture>
		<text font="graffiti19" r="238" g="153" b="26" a="255" align="c"/>
    </salvage_arm_bk_4>
</repair_ui>