<?xml version="1.0" encoding="windows-1251" ?>
<string_table>
	<string id="repairkit">
		<text>Repair Kit</text>
	</string>
	<string id="spareparts">
		<text>Spare Parts Bag</text>
	</string>
	<string id="repair_str_repair">
		<text>Repair</text>
	</string>
	<string id="repair_str_salvage">
		<text>Salvage</text>
	</string>
	<string id="repair_str_spareparts">
		<text>Spare Parts</text>
	</string>
	<string id="repair_str_use1">
		<text>Use 1</text>
	</string>
	<string id="repair_str_use5">
		<text>Use 5</text>
	</string>
	<string id="repair_str_usefull">
		<text>Full Repair</text>
	</string>
	<string id="repair_str_noparts">
		<text>Out of Spare Parts</text>
	</string>
	<string id="repair_str_nodamage">
		<text>Not Damaged</text>
	</string>
	<string id="repair_str_pistols">
		<text>Pistols in Inventory</text>
	</string>
	<string id="repair_str_rifles">
		<text>Rifle in Inventory</text>
	</string>
	<string id="repair_str_armor">
		<text>Armor in Inventory</text>
	</string>
	<string id="repair_str_salvage_choose">
		<text>Choose Section to Salvage</text>
	</string>
	<string id="repair_str_salvage_click">
		<text>Click Item to Salvage</text>
	</string>
	<string id="enc_equipment_repairkit">
		<text>Repair Kit. Weight: 0kg.  A small toolkit containing fine tools used in repairing weapons and armors.  Double click to open repair/salvage menu.</text>
	</string>
	<string id="enc_equipment_spareparts">
		<text>Spare Parts Bag. Weight: .14kg.  A bag containing all of the spare parts that you've aquired from salvaging weapons and armor.  Double click to open repair/salvage menu.</text>
	</string>
</string_table>