<?xml version="1.0" encoding="windows-1251" ?>
<string_table>
	<string id="Ammo">
		<text>Ammunition</text>
	</string>
	<string id="ammo-11.43x23-fmj">
		<text>.45ACP FMJ rounds</text>
	</string>
	<string id="ammo-11.43x23-fmj_s">
		<text>.45ACP FMJ</text>
	</string>
	<string id="ammo-11.43x23-hydro">
		<text>.45ACP HP rounds</text>
	</string>
	<string id="ammo-11.43x23-hydro_s">
		<text>.45ACP HP</text>
	</string>
	<string id="ammo-12x70-buck">
		<text>12x70 buckshot rounds</text>
	</string>
	<string id="ammo-12x70-buck_s">
		<text>12x70 buckshot</text>
	</string>
	<string id="ammo-12x76-dart">
		<text>12x76 dart rounds</text>
	</string>
	<string id="ammo-12x76-dart_s">
		<text>12x76 dart</text>
	</string>
	<string id="ammo-12x76-zhekan">
		<text>12x76 slug rounds</text>
	</string>
	<string id="ammo-12x76-zhekan_s">
		<text>12x76 slug</text>
	</string>
	<string id="ammo-5.45x39-ap">
		<text>5.45x39 mm AP rounds</text>
	</string>
	<string id="ammo-5.45x39-ap_s">
		<text>5.45x39 AP</text>
	</string>
	<string id="ammo-5.45x39-fmj">
		<text>5.45x39 mm FMJ rounds</text>
	</string>
	<string id="ammo-5.45x39-fmj_s">
		<text>5.45x39 FMJ</text>
	</string>
	<string id="ammo-5.56x45-ap">
		<text>5.56x45 mm AP rounds</text>
	</string>
	<string id="ammo-5.56x45-ap_s">
		<text>5.56 AP</text>
	</string>
	<string id="ammo-5.56x45-ss190">
		<text>5.56x45 mm FMJ rounds</text>
	</string>
	<string id="ammo-5.56x45-ss190_s">
		<text>5.56 FMJ</text>
	</string>
	<string id="ammo-7.62x54-7h1">
		<text>7.62x54 mm 7N1(Ball) rounds</text>
	</string>
	<string id="ammo-7.62x54-7h1_s">
		<text>7,62 7N1(Ball)</text>
	</string>
	<string id="ammo-7.62x54-7h14">
		<text>7.62x54R 7N14(Match grade) rounds</text>
	</string>
	<string id="ammo-7.62x54-7h14_s">
		<text>7.62 7N14(Match grade)</text>
	</string>
	<string id="ammo-7.62x54-ap">
		<text>7.62x54 mm AP rounds</text>
	</string>
	<string id="ammo-7.62x54-ap_s">
		<text>7.62 AP</text>
	</string>
	<string id="ammo-9x18-fmj">
		<text>9x18 mm FMJ rounds</text>
	</string>
	<string id="ammo-9x18-fmj_s">
		<text>9x18 FMJ</text>
	</string>
	<string id="ammo-9x18-pmm">
		<text>9x18 mm HP rounds</text>
	</string>
	<string id="ammo-9x18-pmm_s">
		<text>9x18 HP</text>
	</string>
	<string id="ammo-9x19-fmj">
		<text>9x19mm FMJ</text>
	</string>
	<string id="ammo-9x19-fmj_s">
		<text>9x19 FMJ</text>
	</string>
	<string id="ammo-9x19-pbp">
		<text>9x19mm HP rounds</text>
	</string>
	<string id="ammo-9x19-pbp_s">
		<text>9x19 HP</text>
	</string>
	<string id="ammo-9x39-ap">
		<text>9x39 mm SP-6(AP) rounds</text>
	</string>
	<string id="ammo-9x39-ap_s">
		<text>9x39 SP-6(AP)</text>
	</string>
	<string id="ammo-9x39-pab9">
		<text>9x39 mm PAB-9(FMJ) rounds</text>
	</string>
	<string id="ammo-9x39-pab9_s">
		<text>9x39 PAB9(FMJ)</text>
	</string>
	<string id="ammo-9x39-sp5">
		<text>9x39 mm SP-5(Match grade) rounds</text>
	</string>
	<string id="ammo-9x39-sp5_s">
		<text>9x39 SP-5(Match grade)</text>
	</string>
	<string id="ammo-gauss">
		<text>Gauss rounds</text>
	</string>
	<string id="ammo-gauss_s">
		<text>Gauss</text>
	</string>
	<string id="ammo-m209">
		<text>M209 grenade</text>
	</string>
	<string id="ammo-m209_s">
		<text>M209</text>
	</string>
	<string id="ammo-og-7b">
		<text>OG-7V grenade</text>
	</string>
	<string id="ammo-og-7b_s">
		<text>OG-7V</text>
	</string>
	<string id="ammo-vog-25">
		<text>VOG-25 grenade</text>
	</string>
	<string id="ammo-vog-25_s">
		<text>VOG-25</text>
	</string>
	<string id="ammo-vog-25p">
		<text>VOG-25R grenade</text>
	</string>
	<string id="ammo-vog-25p_s">
		<text>VOG-25R</text>
	</string>
	<string id="enc_weapons1_ammo_ammo-11.43x23-fmj">
		<text>Popular pistol caliber round from the US. A heavy, slow travelling projectile with respectable damage. It has a standard core and a full-jacketed bullet.</text>
	</string>
	<string id="enc_weapons1_ammo_ammo-11.43x23-hydro">
		<text>Popular pistol caliber round from the US. A heavy, slow travelling projectile with high damage. It has a hollow-point bullet with a good stopping effect.</text>
	</string>
	<string id="enc_weapons1_ammo_ammo-12x70-buck">
		<text>Buckshot rounds with 10 projectiles. Devestating effect at close ranges. Best used up close.</text>
	</string>
	<string id="enc_weapons1_ammo_ammo-12x76-dart">
		<text>Dart rounds which are more accurate than buckshot but the smaller projectiles deal less damage. Has better range than standard buckshot.</text>
	</string>
	<string id="enc_weapons1_ammo_ammo-12x76-zhekan">
		<text>A single heavy slug with devestating amount of power. Has a long effective range but requires precision.</text>
	</string>
	<string id="enc_weapons1_ammo_ammo-5.45x39-ap">
		<text>An armor-piercing variant of the 5.45x39wp. Manufactured to a higher standard with better materials. More effective than standard 5.45 against targets of all kinds.</text>
	</string>
	<string id="enc_weapons1_ammo_ammo-5.45x39-fmj">
		<text>Standard issue 5.45 ammo from the last days of the USSR.</text>
	</string>
	<string id="enc_weapons1_ammo_ammo-5.56x45-ap">
		<text>An armor-piercing variant of the currently adopted 5.56 NATO caliber. More effective than standard issue 5.56 against targets of any kind.</text>
	</string>
	<string id="enc_weapons1_ammo_ammo-5.56x45-ss190">
		<text>The current standard NATO intermediate round. Highly effective, reliable.</text>
	</string>
	<string id="enc_weapons1_ammo_ammo-7.62x54-7h1">
		<text>7.62x54r ball ammunition, primarly used in machine guns.</text>
	</string>
	<string id="enc_weapons1_ammo_ammo-7.62x54-7h14">
		<text>Match grade ammo for 7.62x54r rifles. These rounds are manufactured to be as precise as possible.</text>
	</string>
	<string id="enc_weapons1_ammo_ammo-7.62x54-ap">
		<text>An armor piercing variant of the 7.62x54r round. One of the most powerful rounds to be found in the Zone.</text>
	</string>
	<string id="enc_weapons1_ammo_ammo-9x18-fmj">
		<text>Standard issue 9x18mm Makarov rounds, originally adopted with the Makarov PM handgun. Reliable, originally made for army and police units.</text>
	</string>
	<string id="enc_weapons1_ammo_ammo-9x18-pmm">
		<text>A hollow point variant of the 9x18mm. More effective against soft targets than standard issue FMJ ammo.</text>
	</string>
	<string id="enc_weapons1_ammo_ammo-9x19-fmj">
		<text>One of the most popular calibers of the world. 9x19mm is a reliable, wiedly adopted, respectful round. It is the NATO standard pistol caliber ammunition.</text>
	</string>
	<string id="enc_weapons1_ammo_ammo-9x19-pbp">
		<text>Hollow point 9x19mm ammunition. More effective against soft targets.</text>
	</string>
	<string id="enc_weapons1_ammo_ammo-9x39-ap">
		<text>A round with enhanced armor piercing capabilities. It offers even more power for 9x39mm rifles.</text>
	</string>
	<string id="enc_weapons1_ammo_ammo-9x39-pab9">
		<text>Cheaper variant of the subsonic 9x39mm round. Far more plentiful in the Zone than other variants, it is still a reliable round.</text>
	</string>
	<string id="enc_weapons1_ammo_ammo-9x39-sp5">
		<text>Special purpose, high accuracy 9x39mm variant. Expensive ammo but is more accurate than PAB9 and as powerful as AP.</text>
	</string>
	<string id="enc_weapons1_ammo_ammo-gauss">
		<text>Energy cells prepared with lethal elements in a Gauss rifle magazine. The energy source is an encapsulated piece of the Flash artifact.</text>
	</string>
	<string id="enc_weapons1_ammo_ammo-m209">
		<text>A grenade for the ?203 grenade launcher (for the TRs 301, GP 37, SGI 5k, IL 86 rifles) and the integrated grenade launcher of the FT 200M.</text>
	</string>
	<string id="enc_weapons1_ammo_ammo-og-7b">
		<text>A highly-explosive grenade for the RPG-7u. It is equally effective against troops and light armored vehicles.</text>
	</string>
	<string id="enc_weapons1_ammo_ammo-vog-25">
		<text>A grenade for the GP-25 Kostyer grenade launcher, the integrated grenade launcher of the Tunder, and the Bulldog 6 revolver grenade launcher.</text>
	</string>
	<string id="enc_weapons1_ammo_ammo-vog-25p">
		<text>A grenade for the GP-25 Kostyer grenade launcher, the integrated grenade launcher of the Tunder S14 and the Bulldog 6 revolver grenade launcher. Prior explosion the grenade leaps up about one meter increasing its killing effect.</text>
	</string>
	<string id="enc_weapons1_grenade-f1">
		<text>A defensive hand grenade with a large radius of splinter damage. It is recommended to throw it only from behind cover.</text>
	</string>
	<string id="enc_weapons1_grenade-gd05">
		<text>A smoke grenade. Dedicated to create a smoke screen. Lasts for 10 seconds.</text>
	</string>
	<string id="enc_weapons1_grenade-rgd5">
		<text>An offensive hand grenade with a small radius of splinter damage.</text>
	</string>
	<string id="enc_weapons1_wpn-abakan">
		<text>Winner of the Abakan trials. It achieves an impressively high rate of fire via a complex internal system, allowing for a better chance at landing multiple hits on a target. Was too expensive and complex to be adopted by troops, it remained a weapon for special applications. The weapon proved itself in the Zone where hitting targets multiple times is often required.</text>
	</string>
	<string id="enc_weapons1_wpn-abakan_m1">
		<text>An AN94 costumized with a non-standard optic. The optic is permanently attached to the accessory rail. Other modifications include a mastefully tuned muzzle brake.</text>
	</string>
	<string id="enc_weapons1_wpn-abakan_m2">
		<text>An AN94 rifle with a GP-25 launcher permanently attached to the barrel. The rifle was then zero'ed this way, the additional weight helps keeping the muzzle rise lower.</text>
	</string>
	<string id="enc_weapons1_wpn-addon-grenade-launcher">
		<text>A grenade launcher which can be attached to most of the Eastern Block rifles.</text>
	</string>
	<string id="enc_weapons1_wpn-addon-grenade-launcher-m203">
		<text>A grenade launcher to be used with compatible NATO weaponry.</text>
	</string>
	<string id="enc_weapons1_wpn-addon-scope">
		<text>A widely used Soviet scope. The scope can be mounted on a weapon using a dovetail mount used by the Warsaw Pact countries.</text>
	</string>
	<string id="enc_weapons1_wpn-addon-scope-susat">
		<text>A magnified scope produced in the NATO countries. It can be attached to a standard NATO mount, also called the Picatinni rail.</text>
	</string>
	<string id="enc_weapons1_wpn-addon-silencer">
		<text>A suppressor with a kit for many different calibers. Can be attached to weapons with compatible muzzle threads.</text>
	</string>
	<string id="enc_weapons1_wpn-ak74">
		<text>5.45x39r variant of the Kalashnikov rifle. One of the most prominent firearm of the cold war and the most popular since too. While AKs were manufactured all around the globe for decades, these models most likely were Soviet issued rifles from the Afghan campaign.</text>
	</string>
	<string id="enc_weapons1_wpn-ak74_m1">
		<text>A rifle which was converted into a shotgun. A work of a Zone craftsman. Strongly resembles Saiga and Vepr shotguns.</text>
	</string>
	<string id="enc_weapons1_wpn-ak74u">
		<text>A shortened version of the AK for vehicles crews and paratrooper units. Fires the same cartridge as its larger brother, it is a rugged and reliable weapon. Any loss in accuracy is made up for mobility.</text>
	</string>
	<string id="enc_weapons1_wpn-ak74u_m1">
		<text>A shortened AK with a red dot sight and suppressor. Quicker target acqusition and reduced muzzle flash are welcome for a weapon already excelling in close quarters.</text>
	</string>
	<string id="enc_weapons1_wpn-beretta">
		<text>Adopted by the United States armed forces, this Italian handgun is rugged, reliable and offers a good magazine capactiy.</text>
	</string>
	<string id="enc_weapons1_wpn-bm16">
		<text>A double barrel, short barrel shotgun. Hunting guns once were prominent in the Zone but were mostly phased out by more versatile weapons.</text>
	</string>
	<string id="enc_weapons1_wpn-colt_m1">
		<text>An M1911 pattern handgun with a threaded barrel and a suppressor.</text>
	</string>
	<string id="enc_weapons1_wpn-colt1911">
		<text>Taken part in all major conflicts of the 20th century, the M1911 is a well liked and recognized handgun originating from the US. It sports a low magazine capacity but fires the potent .45 ACP round.</text>
	</string>
	<string id="enc_weapons1_wpn-desert-eagle">
		<text>Designed in the US and Israel, the Desert Eagle is a weapon of little practicality. It found its way into the Zone as most mutated creatures warrant the power of a weapon like this to be dealt with.</text>
	</string>
	<string id="enc_weapons1_wpn-eagle_m1">
		<text>An accurized variant with many internal parts changed to aftermarket parts. A target shooting pistol.</text>
	</string>
	<string id="enc_weapons1_wpn-fn2000">
		<text>An ergonomic Belgian rifle from the turn of the century, it features a build in scope and grenade launcher. Adopted by the Slovenian Army and saw limited use in Croatian armed forces.</text>
	</string>
	<string id="enc_weapons1_wpn-fort">
		<text>A Ukranian handgun, used by police, military, internal affairs and many others.</text>
	</string>
	<string id="enc_weapons1_wpn-fort_m1">
		<text>A customized FORT-12 handgun with an extended magazine.</text>
	</string>
	<string id="enc_weapons1_wpn-g36">
		<text>A German made assault rifle, adopted by the Bundeswehr. The G36 rifles which made their way to the zone sport their factory optics too. Light, modern, reliable.</text>
	</string>
	<string id="enc_weapons1_wpn-gauss">
		<text>A super-accurate weapon made by the scientists in the Zone. It is almost noiseless, because instead of gunpowder, it uses the artifact's energy for firing rather than steam gases. In spite of the Gauss gun�s tremendous firepower, the recoil is insignificant. The accuracy and the killing power of this gun exceed those of all other small arms.\n Ammunition: 2-mm Gauss rounds.</text>
	</string>
	<string id="enc_weapons1_wpn-groza">
		<text>The OTs-14 rifles are based on AK rifles in a bullpup configuration. The ones in the Zone are all equipped with grenade launchers too and are firing the 9x39mm special purpose rounds.</text>
	</string>
	<string id="enc_weapons1_wpn-groza_m1">
		<text>An OTs-14 modified to be able to fire 5.45 rounds.</text>
	</string>
	<string id="enc_weapons1_wpn-hpsa">
		<text>The Browning Hi-Power can be seen as an evolution of the M1911. The father of the design died before it was finalized, the Hi-Power features many improvements over its predecessor while inheriting the strengths and is chambered for 9x19mm rounds.</text>
	</string>
	<string id="enc_weapons1_wpn-knife">
		<text>Standard issue army bayonnet.</text>
	</string>
	<string id="enc_weapons1_wpn-l85">
		<text>The SA80 series of rifles had a rough history and by the time it became a reliable design, it was nearly outdated. Nevertheless, while you might curse this bullpup rifle for it's weight it helps a lot when you need to fire.</text>
	</string>
	<string id="enc_weapons1_wpn-l85_m1">
		<text>An L85A2 rebuilt with lighter materials. Walk more, weigh less.</text>
	</string>
	<string id="enc_weapons1_wpn-l85_m2">
		<text>A suppressed L85A2.</text>
	</string>
	<string id="enc_weapons1_wpn-lr300">
		<text>A light AR pattern rifle featuring modern materials, ergonomic design and high customizablity.</text>
	</string>
	<string id="enc_weapons1_wpn-lr300_m1">
		<text>A rifle of probably civilian origin. This AR is semi-automatic only but has a heavier barrel which results in increased accuracy and an aftermarket scope.</text>
	</string>
	<string id="enc_weapons1_wpn-mp5">
		<text>One of the most recognized sub-machineguns of the world, the MP5 is a popular choice for law enforcement and armed forces since the late 1960s. Highly reliable and gentle to shoot.</text>
	</string>
	<string id="enc_weapons1_wpn-mp5_m1">
		<text>An MP5 rechambered for 9x18mm which is more plentiful in the Zone and in post-Soviet countries.</text>
	</string>
	<string id="enc_weapons1_wpn-mp5_m2">
		<text>A suppressed MP5.</text>
	</string>
	<string id="enc_weapons1_wpn-pb">
		<text>An integrally suppressed handgun based on the Makarov PM design. Once used by government agencies and probably special operations.</text>
	</string>
	<string id="enc_weapons1_wpn-pm">
		<text>Designed and adopted alongside the 9x18mm round, the Makarov PM was the standard issue sidearm for law enforcement and army units in the USSR. Many Warsaw Pact countries manufactured their own variants too.</text>
	</string>
	<string id="enc_weapons1_wpn-rg-6">
		<text>A high capacity grenade launcher with a rotating cyllinder. Simple, reliable and versatile.</text>
	</string>
	<string id="enc_weapons1_wpn-rg6_m1">
		<text>A variation of the revolving granade launcher. The given model is made especially for use of granades of the western model.</text>
	</string>
	<string id="enc_weapons1_wpn-rpg7">
		<text>A grenade launcher developed in the 1960s. Such grenade launchers are stored in large quantities in army depots, from where they are transferred to the Zone. Such weapon is rare for stalkers: its huge dimensions and heavy weight make it unpopular, though it is indispensable for some missions.\n Ammunition: OG-7V.</text>
	</string>
	<string id="enc_weapons1_wpn-sig_m1">
		<text>The weapon was made for warfare in the city. To lessen the weight, some parts were removed or replaced. As a result, there is no way to attach neither a sight nor a granade launcher under the barrell. But at least it weighs almost half of what it did before.</text>
	</string>
	<string id="enc_weapons1_wpn-sig_m2">
		<text>This SIG-550 pattern rifle probably started its life as a civilian rifle. It features a heavier barrel, lighter trigger and and aftermarket scope.</text>
	</string>
	<string id="enc_weapons1_wpn-sig220">
		<text>A proven handgun from Switzerland in .45 ACP.</text>
	</string>
	<string id="enc_weapons1_wpn-sig550">
		<text>Standard issue rifle of the Swiss armed forces, the SIG-550 is a reliable and modern rifle which proved itself against the Zone's conditions.</text>
	</string>
	<string id="enc_weapons1_wpn-spas12">
		<text>An Italian shotgun originally made for law enforcement units with the ability to switch between pump action for less-lethal and semi-auto for regular ammunition. A heavier shotgun and in the Zone, using regular ammo is a no-brainer.</text>
	</string>
	<string id="enc_weapons1_wpn-spas12_m1">
		<text>This SPAS-12 sacrifices capacity for less weight.</text>
	</string>
	<string id="enc_weapons1_wpn-svd">
		<text>The SVD is comperatively lightweight and accurate rifle chambered for full sized 7.62x54r rifle rounds. Soviet army units distributed this weapon on a squad level as a force multiplier. It is capable of pulling off accurate shots up to 700 meters with the right ammunition.</text>
	</string>
	<string id="enc_weapons1_wpn-svd_m1">
		<text>An SVD with polymer furniture and an aftermarket scope. More user friendly.</text>
	</string>
	<string id="enc_weapons1_wpn-svu">
		<text>A bullpup variant of the SVD rifle for easier transportation.</text>
	</string>
	<string id="enc_weapons1_wpn-toz34">
		<text>A popular hunting shotgun.</text>
	</string>
	<string id="enc_weapons1_wpn-usp">
		<text>A realiable German handgun in .45 ACP, primarly designed for US special forces.</text>
	</string>
	<string id="enc_weapons1_wpn-val">
		<text>The AS-VAL rifle was made for special operations as a powerful, close-range weapon. It is integrally suppressed and is chambered for 9x39mm.</text>
	</string>
	<string id="enc_weapons1_wpn-val_m1">
		<text>An AS-VAL rifle with a sidemount rail for optics.</text>
	</string>
	<string id="enc_weapons1_wpn-vintorez">
		<text>A sister rifle of the AS-VAL the Vintorez was made for precise shots at medium distance while maintaining a low profle.</text>
	</string>
	<string id="enc_weapons1_wpn-walther">
		<text>The Walther P99 is a handgun designed for law enforcement and civilan use. Popular choice in Europe.</text>
	</string>
	<string id="enc_weapons1_wpn-walther_m1">
		<text>Modification of the gun for ability to use bullets of the 9x18mm caliber.</text>
	</string>
	<string id="enc_weapons1_wpn-wincheaster1300">
		<text>A pump-action shotgun with a good capacity.</text>
	</string>
	<string id="grenade-f1">
		<text>F1 grenade</text>
	</string>
	<string id="grenade-gd05">
		<text>GD-05</text>
	</string>
	<string id="grenade-rgd5">
		<text>RGD-5 grenade</text>
	</string>
	<string id="Weapons1">
		<text>Weapon</text>
	</string>
	<string id="wp_desert_eagle">
		<text>IWI Desert Eagle</text>
	</string>
	<string id="wpn_hpsa">
		<text>Browning Hi-Power</text>
	</string>
	<string id="wpn_usp">
		<text>HK USP Compact</text>
	</string>
	<string id="wpn-abakan">
		<text>AN-94</text>
	</string>
	<string id="wpn-abakan_m1">
		<text>AN-94 (Custom)</text>
	</string>
	<string id="wpn-abakan_m2">
		<text>AN-94 (Custom)</text>
	</string>
	<string id="wpn-addon-grenade-launcher">
		<text>GP-25</text>
	</string>
	<string id="wpn-addon-grenade-launcher-m203">
		<text>M203</text>
	</string>
	<string id="wpn-addon-scope">
		<text>PSO-1</text>
	</string>
	<string id="wpn-addon-scope-susat">
		<text>ACOG</text>
	</string>
	<string id="wpn-addon-silencer">
		<text>Suppressor</text>
	</string>
	<string id="wpn-ak74">
		<text>AKS-74</text>
	</string>
	<string id="wpn-ak74_m1">
		<text>AKS-Shotgun (Custom)</text>
	</string>
	<string id="wpn-ak74u">
		<text>AKS-74U</text>
	</string>
	<string id="wpn-ak74u_m1">
		<text>AKS-74U (Custom)</text>
	</string>
	<string id="wpn-beretta">
		<text>Beretta M9</text>
	</string>
	<string id="wpn-bm16">
		<text>Double Barrel</text>
	</string>
	<string id="wpn-colt_m1">
		<text>M1911 (Custom)</text>
	</string>
	<string id="wpn-colt1911">
		<text>M1911</text>
	</string>
	<string id="wpn-eagle_m1">
		<text>IWI Desert Eagle (Custom)</text>
	</string>
	<string id="wpn-fn2000">
		<text>FN F2000</text>
	</string>
	<string id="wpn-fort">
		<text>FORT-12</text>
	</string>
	<string id="wpn-fort_m">
		<text>FORT-12 (Custom)</text>
	</string>
	<string id="wpn-g36">
		<text>HK G36</text>
	</string>
	<string id="wpn-gauss">
		<text>Gauss gun</text>
	</string>
	<string id="wpn-groza">
		<text>OTs-14</text>
	</string>
	<string id="wpn-groza_m1">
		<text>OTs-14 (Custom)</text>
	</string>
	<string id="wpn-l85">
		<text>L85A2</text>
	</string>
	<string id="wpn-l85_m1">
		<text>L85A2 (Custom)</text>
	</string>
	<string id="wpn-l85_m2">
		<text>L85A2 (Custom)</text>
	</string>
	<string id="wpn-lr300">
		<text>COLT M4</text>
	</string>
	<string id="wpn-lr300_m1">
		<text>COLT AR-15 (Custom)</text>
	</string>
	<string id="wpn-mp5">
		<text>HK MP5A3</text>
	</string>
	<string id="wpn-mp5_m1">
		<text>HK MP5A3 (Custom)</text>
	</string>
	<string id="wpn-mp5_m2">
		<text>HK MP5A3 (Custom)</text>
	</string>
	<string id="wpn-pb">
		<text>Makarov PB</text>
	</string>
	<string id="wpn-pm">
		<text>Makarov PM</text>
	</string>
	<string id="wpn-rg-6">
		<text>RG-6</text>
	</string>
	<string id="wpn-rg6_m1">
		<text>RG-6 (Custom)</text>
	</string>
	<string id="wpn-rpg7">
		<text>RPG-7v2</text>
	</string>
	<string id="wpn-sig_m1">
		<text>SIG-550 (Custom)</text>
	</string>
	<string id="wpn-sig_m2">
		<text>SIG-550 SP</text>
	</string>
	<string id="wpn-sig220">
		<text>SIG P220</text>
	</string>
	<string id="wpn-sig550">
		<text>SIG-550</text>
	</string>
	<string id="wpn-spas12">
		<text>Franchi SPAS-12</text>
	</string>
	<string id="wpn-spas12_m1">
		<text>Franchi SPAS-12 (Custom)</text>
	</string>
	<string id="wpn-svd">
		<text>Dragunov SVD</text>
	</string>
	<string id="wpn-svd_m1">
		<text>Dragunov SVD (Custom)</text>
	</string>
	<string id="wpn-svu">
		<text>OTs-03 SVU</text>
	</string>
	<string id="wpn-toz34">
		<text>TOZ34</text>
	</string>
	<string id="wpn-val">
		<text>AS-VAL</text>
	</string>
	<string id="wpn-val_m1">
		<text>AS-VAL (Custom)</text>
	</string>
	<string id="wpn-vintorez">
		<text>VSS Vintorez</text>
	</string>
	<string id="wpn-walther">
		<text>Walther P99</text>
	</string>
	<string id="wpn-walther_m1">
		<text>Walther P99 (Custom)</text>
	</string>
	<string id="wpn-wincheaster1300">
		<text>Winchester 1300</text>
	</string>
</string_table>
